Position,Const,Created,Modified,Description,Title,URL,Title Type,IMDb Rating,Runtime (mins),Year,Genres,Num Votes,Release Date,Directors,Your Rating,Date Rated
1,tt7019842,2021-05-11,2021-05-11,it has power to make you cry ,96,https://www.imdb.com/title/tt7019842/,movie,8.6,158,2018,"Drama, Romance",20854,2018-10-03,C. Prem Kumar,10,2021-05-11
2,tt1187064,2021-05-11,2021-05-11,,Triangle,https://www.imdb.com/title/tt1187064/,movie,6.9,99,2009,"Fantasy, Mystery, Sci-Fi, Thriller",105297,2009-08-27,Christopher Smith,,
3,tt1130884,2021-05-11,2021-05-11,,Shutter Island,https://www.imdb.com/title/tt1130884/,movie,8.2,138,2010,"Mystery, Thriller",1156783,2010-02-13,Martin Scorsese,,
4,tt1392190,2021-05-11,2021-05-11,,Mad Max: Fury Road,https://www.imdb.com/title/tt1392190/,movie,8.1,120,2015,"Action, Adventure, Sci-Fi, Thriller",900078,2015-05-07,George Miller,,
5,tt0983946,2021-05-11,2021-05-11,,Fantasy Island,https://www.imdb.com/title/tt0983946/,movie,4.9,109,2020,"Action, Adventure, Fantasy, Horror, Mystery, Thriller",39633,2020-02-12,Jeff Wadlow,,
6,tt1446714,2021-05-11,2021-05-11,,Prometheus,https://www.imdb.com/title/tt1446714/,movie,7.0,124,2012,"Adventure, Mystery, Sci-Fi",574140,2012-04-11,Ridley Scott,,
7,tt2316204,2021-05-11,2021-05-11,,Alien: Covenant,https://www.imdb.com/title/tt2316204/,movie,6.4,122,2017,"Horror, Sci-Fi, Thriller",258689,2017-05-04,Ridley Scott,,
8,tt0816692,2021-05-11,2021-05-11,,Interstellar,https://www.imdb.com/title/tt0816692/,movie,8.6,169,2014,"Adventure, Drama, Sci-Fi",1553395,2014-10-26,Christopher Nolan,,
9,tt2543164,2021-05-11,2021-05-11,,Arrival,https://www.imdb.com/title/tt2543164/,movie,7.9,116,2016,"Drama, Sci-Fi",609741,2016-09-01,Denis Villeneuve,,
10,tt3659388,2021-05-11,2021-05-11,,The Martian,https://www.imdb.com/title/tt3659388/,movie,8.0,144,2015,"Adventure, Drama, Sci-Fi",774149,2015-09-11,Ridley Scott,,
11,tt1386697,2021-05-11,2021-05-11,,Suicide Squad,https://www.imdb.com/title/tt1386697/,movie,5.9,123,2016,"Action, Adventure, Fantasy, Sci-Fi",618213,2016-08-01,David Ayer,,
12,tt7713068,2021-05-11,2021-05-11,,Birds of Prey: And the Fantabulous Emancipation of One Harley Quinn,https://www.imdb.com/title/tt7713068/,movie,6.1,109,2020,"Action, Adventure, Comedy, Crime",182413,2020-01-25,Cathy Yan,,
13,tt1922777,2021-05-11,2021-05-11,,Sinister,https://www.imdb.com/title/tt1922777/,movie,6.8,110,2012,"Horror, Mystery, Thriller",225470,2012-03-11,Scott Derrickson,,
14,tt2229499,2021-05-11,2021-05-11,,Don Jon,https://www.imdb.com/title/tt2229499/,movie,6.5,90,2013,"Comedy, Drama, Romance",230998,2013-01-18,Joseph Gordon-Levitt,,
15,tt6473300,2021-05-11,2021-05-11,,Mirzapur,https://www.imdb.com/title/tt6473300/,tvSeries,8.4,60,2018,"Action, Crime, Drama, Thriller",53433,2018-11-15,,,
16,tt6077448,2021-05-11,2021-05-11,,Sacred Games,https://www.imdb.com/title/tt6077448/,tvSeries,8.6,50,2018,"Action, Crime, Drama, Thriller",77112,2018-06-28,,,
17,tt1954470,2021-05-11,2021-05-11,,Gangs of Wasseypur,https://www.imdb.com/title/tt1954470/,movie,8.2,321,2012,"Action, Comedy, Crime, Drama, Thriller",84585,2012-05-22,Anurag Kashyap,,
18,tt10443846,2021-05-11,2021-05-11,,Yeh Saali Aashiqui,https://www.imdb.com/title/tt10443846/,movie,7.9,137,2019,"Drama, Romance, Thriller",3102,2019-11-29,Cherag Ruparel,,
19,tt5308322,2021-05-11,2021-05-11,,Happy Death Day,https://www.imdb.com/title/tt5308322/,movie,6.6,96,2017,"Comedy, Horror, Mystery, Thriller",120327,2017-10-07,Christopher Landon,,
20,tt8155288,2021-05-11,2021-05-11,,Happy Death Day 2U,https://www.imdb.com/title/tt8155288/,movie,6.2,100,2019,"Comedy, Horror, Mystery, Sci-Fi, Thriller",61556,2019-02-13,Christopher Landon,,
21,tt4731136,2021-05-11,2021-05-11,,A Cure for Wellness,https://www.imdb.com/title/tt4731136/,movie,6.4,146,2016,"Drama, Fantasy, Horror, Mystery, Sci-Fi, Thriller",89105,2016-12-10,Gore Verbinski,,
22,tt4559006,2021-05-11,2021-05-11,,Ae Dil Hai Mushkil,https://www.imdb.com/title/tt4559006/,movie,5.8,158,2016,"Drama, Music, Musical, Romance",21414,2016-10-27,Karan Johar,,
23,tt8983202,2021-05-11,2021-05-11,,Kabir Singh,https://www.imdb.com/title/tt8983202/,movie,7.1,173,2019,"Action, Drama, Romance",27031,2019-06-20,Sandeep Reddy Vanga,,
24,tt2872732,2021-05-11,2021-05-11,,Lucy,https://www.imdb.com/title/tt2872732/,movie,6.4,89,2014,"Action, Sci-Fi, Thriller",454457,2014-07-25,Luc Besson,,
25,tt0396171,2021-05-11,2021-05-11,,Perfume: The Story of a Murderer,https://www.imdb.com/title/tt0396171/,movie,7.5,147,2006,"Crime, Drama, Fantasy",237095,2006-09-07,Tom Tykwer,,
26,tt1645170,2021-05-11,2021-05-11,,The Dictator,https://www.imdb.com/title/tt1645170/,movie,6.4,83,2012,Comedy,283026,2012-05-16,Larry Charles,,
27,tt1542344,2021-05-11,2021-05-11,,127 Hours,https://www.imdb.com/title/tt1542344/,movie,7.5,94,2010,"Biography, Drama",352561,2010-09-04,Danny Boyle,,
28,tt13143964,2021-05-11,2021-05-11,,Borat Subsequent Moviefilm: Delivery of Prodigious Bribe to American Regime for Make Benefit Once Glorious Nation of Kazakhstan,https://www.imdb.com/title/tt13143964/,movie,6.7,95,2020,Comedy,121887,2020-10-23,Jason Woliner,,
29,tt2404233,2021-05-11,2021-05-11,,Gods of Egypt,https://www.imdb.com/title/tt2404233/,movie,5.4,127,2016,"Action, Adventure, Fantasy",108361,2016-02-24,Alex Proyas,,
30,tt10620868,2021-05-11,2021-05-11,,#Saraitda,https://www.imdb.com/title/tt10620868/,movie,6.2,98,2020,"Action, Drama, Horror, Thriller",28024,2020-06-24,Il Cho,,
31,tt0110366,2021-05-11,2021-05-11,,The Little Rascals,https://www.imdb.com/title/tt0110366/,movie,6.3,82,1994,"Comedy, Family, Romance",44285,1994-08-05,Penelope Spheeris,,
32,tt3175038,2021-05-11,2021-05-11,,Ek Villain,https://www.imdb.com/title/tt3175038/,movie,6.5,129,2014,"Action, Crime, Drama, Thriller",16909,2014-06-27,Mohit Suri,,
33,tt9248934,2021-05-11,2021-05-11,,Marjaavaan,https://www.imdb.com/title/tt9248934/,movie,3.5,152,2019,"Action, Drama, Romance",3039,2019-11-15,Milap Zaveri,,
34,tt1131734,2021-05-11,2021-05-11,,Jennifer's Body,https://www.imdb.com/title/tt1131734/,movie,5.2,102,2009,"Comedy, Horror",118356,2009-09-10,Karyn Kusama,,
35,tt0887912,2021-05-11,2021-05-11,,The Hurt Locker,https://www.imdb.com/title/tt0887912/,movie,7.5,131,2008,"Drama, Thriller, War",427067,2008-09-04,Kathryn Bigelow,,
36,tt4972582,2021-05-11,2021-05-11,,Split,https://www.imdb.com/title/tt4972582/,movie,7.3,117,2016,"Horror, Thriller",437259,2016-09-26,M. Night Shyamalan,,
37,tt3042408,2021-05-11,2021-05-11,,Who Am I - Kein System ist sicher,https://www.imdb.com/title/tt3042408/,movie,7.5,102,2014,"Crime, Drama, Mystery, Sci-Fi, Thriller",51130,2014-09-06,Baran bo Odar,,
38,tt0337978,2021-05-11,2021-05-11,,Live Free or Die Hard,https://www.imdb.com/title/tt0337978/,movie,7.1,128,2007,"Action, Thriller",391959,2007-06-12,Len Wiseman,,
39,tt3774114,2021-05-11,2021-05-11,,Snowden,https://www.imdb.com/title/tt3774114/,movie,7.3,134,2016,"Biography, Crime, Drama, Thriller",141009,2016-07-21,Oliver Stone,,
40,tt1837492,2021-05-11,2021-05-11,,13 Reasons Why,https://www.imdb.com/title/tt1837492/,tvSeries,7.6,60,2017,"Drama, Mystery, Thriller",260614,2017-03-31,,,
41,tt9398466,2021-05-11,2021-05-11,,Delhi Crime,https://www.imdb.com/title/tt9398466/,tvSeries,8.5,50,2019,"Crime, Drama",14359,2019-01-29,,,
42,tt2372162,2021-05-11,2021-05-11,,Orange Is the New Black,https://www.imdb.com/title/tt2372162/,tvSeries,8.0,59,2013,"Comedy, Crime, Drama",281561,2013-07-11,,,
43,tt1467304,2021-05-11,2021-05-11,,The Human Centipede (First Sequence),https://www.imdb.com/title/tt1467304/,movie,4.4,92,2009,Horror,74237,2009-08-30,Tom Six,,
44,tt1530509,2021-05-11,2021-05-11,,The Human Centipede II (Full Sequence),https://www.imdb.com/title/tt1530509/,movie,3.8,91,2011,Horror,36340,2011-09-22,Tom Six,,
45,tt1883367,2021-05-11,2021-05-11,,The Human Centipede III (Final Sequence),https://www.imdb.com/title/tt1883367/,movie,2.7,102,2015,"Comedy, Horror",15145,2015-05-22,Tom Six,,
46,tt9110170,2021-05-11,2021-05-11,,Wrong Turn,https://www.imdb.com/title/tt9110170/,movie,5.4,109,2021,"Horror, Thriller",14850,2021-01-26,Mike P. Nelson,,
47,tt0295700,2021-05-11,2021-05-11,,Wrong Turn,https://www.imdb.com/title/tt0295700/,movie,6.1,84,2003,"Horror, Thriller",111546,2003-05-30,Rob Schmidt,,
48,tt2375779,2021-05-11,2021-05-11,,Wrong Turn 5: Bloodlines,https://www.imdb.com/title/tt2375779/,video,4.1,91,2012,"Adventure, Horror",18809,2012-10-18,Declan O'Brien,,
49,tt1865567,2021-05-11,2021-05-11,,Wrong Turn 4: Bloody Beginnings,https://www.imdb.com/title/tt1865567/,video,4.6,93,2011,"Adventure, Horror",23493,2011-10-25,Declan O'Brien,,
50,tt0804555,2021-05-11,2021-05-11,,Wrong Turn 2: Dead End,https://www.imdb.com/title/tt0804555/,video,5.5,93,2007,"Adventure, Horror",39288,2007-08-25,Joe Lynch,,
51,tt3612032,2021-05-11,2021-05-11,,Wrong Turn 6: Last Resort,https://www.imdb.com/title/tt3612032/,video,4.2,91,2014,"Adventure, Horror",13694,2014-08-22,Valeri Milev,,
52,tt0450278,2021-05-11,2021-05-11,,Hostel,https://www.imdb.com/title/tt0450278/,movie,5.9,94,2005,Horror,171462,2005-09-17,Eli Roth,,
53,tt0498353,2021-05-11,2021-05-11,,Hostel: Part II,https://www.imdb.com/title/tt0498353/,movie,5.5,94,2007,Horror,86234,2007-06-07,Eli Roth,,
54,tt1255916,2021-05-11,2021-05-11,,Hostel: Part III,https://www.imdb.com/title/tt1255916/,video,4.6,88,2011,Horror,29163,2011-12-22,Scott Spiegel,,
55,tt0387564,2021-05-11,2021-05-11,,Saw,https://www.imdb.com/title/tt0387564/,movie,7.6,103,2004,"Horror, Mystery, Thriller",384263,2004-01-19,James Wan,,
56,tt0432348,2021-05-11,2021-05-11,,Saw II,https://www.imdb.com/title/tt0432348/,movie,6.6,93,2005,"Horror, Mystery",235542,2005-10-28,Darren Lynn Bousman,,
57,tt0489270,2021-05-11,2021-05-11,,Saw III,https://www.imdb.com/title/tt0489270/,movie,6.2,108,2006,"Crime, Horror, Mystery, Thriller",180487,2006-10-26,Darren Lynn Bousman,,
58,tt0890870,2021-05-11,2021-05-11,,Saw IV,https://www.imdb.com/title/tt0890870/,movie,5.9,93,2007,"Crime, Horror, Mystery, Thriller",141796,2007-10-25,Darren Lynn Bousman,,
59,tt1132626,2021-05-11,2021-05-11,,Saw V,https://www.imdb.com/title/tt1132626/,movie,5.8,92,2008,"Crime, Horror, Mystery, Thriller",116658,2008-10-23,David Hackl,,
60,tt1233227,2021-05-11,2021-05-11,,Saw VI,https://www.imdb.com/title/tt1233227/,movie,6.0,90,2009,"Horror, Mystery, Thriller",103339,2009-10-22,Kevin Greutert,,
61,tt9432978,2021-05-11,2021-05-11,,Kota Factory,https://www.imdb.com/title/tt9432978/,tvSeries,9.1,45,2019,"Comedy, Drama",42095,2019-04-16,,,
62,tt1637725,2021-05-11,2021-05-11,,Ted,https://www.imdb.com/title/tt1637725/,movie,6.9,106,2012,Comedy,575871,2012-06-29,Seth MacFarlane,,
63,tt2637276,2021-05-11,2021-05-11,,Ted 2,https://www.imdb.com/title/tt2637276/,movie,6.3,115,2015,Comedy,188766,2015-06-25,Seth MacFarlane,,
64,tt0416449,2021-05-11,2021-05-11,,300,https://www.imdb.com/title/tt0416449/,movie,7.6,117,2006,"Action, Drama",742402,2006-12-09,Zack Snyder,,
65,tt8254348,2021-05-11,2021-05-11,,ImMATURE,https://www.imdb.com/title/tt8254348/,tvSeries,8.8,25,2019,"Comedy, Drama, Romance",5490,2019-02-18,,,
66,tt12392504,2021-05-11,2021-05-11,,Scam 1992: The Harshad Mehta Story,https://www.imdb.com/title/tt12392504/,tvSeries,9.4,54,2020,"Biography, Crime, Drama",95687,2020-10-09,,,
67,tt7838252,2021-05-11,2021-05-11,,K.G.F: Chapter 1,https://www.imdb.com/title/tt7838252/,movie,8.2,156,2018,"Action, Drama",39112,2018-12-20,Prashanth Neel,,
68,tt9426210,2021-05-11,2021-05-11,,Tenki no ko,https://www.imdb.com/title/tt9426210/,movie,7.5,112,2019,"Animation, Drama, Fantasy, Romance",26090,2019-01-15,Makoto Shinkai,,
69,tt5311514,2021-05-11,2021-05-11,,Kimi no na wa.,https://www.imdb.com/title/tt5311514/,movie,8.4,106,2016,"Animation, Drama, Fantasy, Romance",207392,2016-07-03,Makoto Shinkai,,
70,tt7865090,2021-05-11,2021-05-11,,DARLING in the FRANXX,https://www.imdb.com/title/tt7865090/,tvSeries,7.4,24,2018,"Animation, Action, Drama, Fantasy, Romance, Sci-Fi",5689,2018-01-13,,,
71,tt2230051,2021-05-11,2021-05-11,,High School DxD,https://www.imdb.com/title/tt2230051/,tvSeries,7.6,23,2012,"Animation, Action, Comedy, Fantasy, Romance",7493,2012-01-06,,,
72,tt1685401,2021-05-11,2021-05-11,,Gakuen mokushiroku: HIGHSCHOOL OF THE DEAD,https://www.imdb.com/title/tt1685401/,tvSeries,7.2,24,2010,"Animation, Action, Drama, Horror, Romance, Thriller",11269,2010-07-05,,,
73,tt0877057,2021-05-11,2021-05-11,,Death Note: Desu nôto,https://www.imdb.com/title/tt0877057/,tvSeries,9.0,24,2006,"Animation, Crime, Drama, Fantasy, Mystery, Thriller",250585,2006-10-03,,,
74,tt5255710,2021-05-11,2021-05-11,,Sanam Teri Kasam,https://www.imdb.com/title/tt5255710/,movie,7.4,154,2016,"Drama, Musical, Romance",10352,2016-02-05,"Vinay Sapru, Radhika Rao",,
75,tt1161684,2021-05-11,2021-05-11,,Rozario to banpaia,https://www.imdb.com/title/tt1161684/,tvSeries,7.0,25,2008,"Animation, Comedy, Fantasy, Romance",2612,2008-01-03,,,
76,tt0111161,2021-05-11,2021-05-11,,The Shawshank Redemption,https://www.imdb.com/title/tt0111161/,movie,9.3,142,1994,Drama,2387310,1994-09-10,Frank Darabont,,
77,tt0100095,2021-05-11,2021-05-11,,Maine Pyar Kiya,https://www.imdb.com/title/tt0100095/,movie,7.3,192,1989,"Drama, Musical, Romance",10781,1989-12-29,Sooraj R. Barjatya,,
78,tt2345759,2021-05-11,2021-05-11,,The Mummy,https://www.imdb.com/title/tt2345759/,movie,5.4,111,2017,"Action, Adventure, Fantasy, Thriller",175636,2017-05-22,Alex Kurtzman,,
79,tt1270797,2021-05-11,2021-05-11,,Venom,https://www.imdb.com/title/tt1270797/,movie,6.7,112,2018,"Action, Adventure, Sci-Fi",372987,2018-10-01,Ruben Fleischer,,
80,tt5700672,2021-05-11,2021-05-11,,Busanhaeng,https://www.imdb.com/title/tt5700672/,movie,7.6,118,2016,"Action, Horror, Thriller",173849,2016-05-13,Sang-ho Yeon,,
81,tt1156398,2021-05-11,2021-05-11,,Zombieland,https://www.imdb.com/title/tt1156398/,movie,7.6,88,2009,"Adventure, Comedy, Fantasy, Horror, Sci-Fi",526808,2009-09-25,Ruben Fleischer,,
82,tt1560220,2021-05-11,2021-05-11,,Zombieland: Double Tap,https://www.imdb.com/title/tt1560220/,movie,6.7,99,2019,"Action, Adventure, Comedy, Horror",146305,2019-10-09,Ruben Fleischer,,
83,tt0963794,2021-05-11,2021-05-11,,The Ruins,https://www.imdb.com/title/tt0963794/,movie,5.9,90,2008,"Adventure, Fantasy, Horror, Mystery, Sci-Fi, Thriller",71239,2008-04-02,Carter Smith,,
84,tt0816711,2021-05-11,2021-05-11,,World War Z,https://www.imdb.com/title/tt0816711/,movie,7.0,116,2013,"Action, Adventure, Horror, Sci-Fi",610002,2013-06-02,Marc Forster,,
85,tt1790864,2021-05-11,2021-05-11,,The Maze Runner,https://www.imdb.com/title/tt1790864/,movie,6.8,113,2014,"Action, Mystery, Sci-Fi, Thriller",425546,2014-09-11,Wes Ball,,
86,tt4500922,2021-05-11,2021-05-11,,Maze Runner: The Death Cure,https://www.imdb.com/title/tt4500922/,movie,6.3,143,2018,"Action, Adventure, Sci-Fi, Thriller",118106,2018-01-17,Wes Ball,,
87,tt4500922,2021-05-11,2021-05-11,,Maze Runner: The Death Cure,https://www.imdb.com/title/tt4500922/,movie,6.3,143,2018,"Action, Adventure, Sci-Fi, Thriller",118106,2018-01-17,Wes Ball,,
88,tt0325980,2021-05-11,2021-05-11,,Pirates of the Caribbean: The Curse of the Black Pearl,https://www.imdb.com/title/tt0325980/,movie,8.0,143,2003,"Action, Adventure, Fantasy",1025383,2003-06-28,Gore Verbinski,,
89,tt0383574,2021-05-11,2021-05-11,,Pirates of the Caribbean: Dead Man's Chest,https://www.imdb.com/title/tt0383574/,movie,7.3,151,2006,"Action, Adventure, Fantasy",662937,2006-06-24,Gore Verbinski,,
90,tt0449088,2021-05-11,2021-05-11,,Pirates of the Caribbean: At World's End,https://www.imdb.com/title/tt0449088/,movie,7.1,169,2007,"Action, Adventure, Fantasy",602624,2007-05-19,Gore Verbinski,,
91,tt1298650,2021-05-11,2021-05-11,,Pirates of the Caribbean: On Stranger Tides,https://www.imdb.com/title/tt1298650/,movie,6.6,137,2011,"Action, Adventure, Fantasy",487422,2011-05-07,Rob Marshall,,
92,tt1790809,2021-05-11,2021-05-11,,Pirates of the Caribbean: Dead Men Tell No Tales,https://www.imdb.com/title/tt1790809/,movie,6.5,129,2017,"Action, Adventure, Fantasy",270539,2017-05-11,"Espen Sandberg, Joachim Rønning",,
93,tt0265086,2021-05-11,2021-05-11,,Black Hawk Down,https://www.imdb.com/title/tt0265086/,movie,7.7,144,2001,"Drama, History, War",368695,2001-12-18,Ridley Scott,,
94,tt0417148,2021-05-11,2021-05-11,,Snakes on a Plane,https://www.imdb.com/title/tt0417148/,movie,5.4,105,2006,"Action, Adventure, Crime, Thriller",133575,2006-08-17,David R. Ellis,,
95,tt0195714,2021-05-11,2021-05-11,,Final Destination,https://www.imdb.com/title/tt0195714/,movie,6.7,98,2000,"Horror, Thriller",232817,2000-03-16,James Wong,,
96,tt0309593,2021-05-11,2021-05-11,,Final Destination 2,https://www.imdb.com/title/tt0309593/,movie,6.2,90,2003,"Horror, Thriller",154154,2003-01-30,David R. Ellis,,
97,tt0414982,2021-05-11,2021-05-11,,Final Destination 3,https://www.imdb.com/title/tt0414982/,movie,5.8,93,2006,"Horror, Thriller",132396,2006-02-02,James Wong,,
98,tt1144884,2021-05-11,2021-05-11,,The Final Destination,https://www.imdb.com/title/tt1144884/,movie,5.2,82,2009,"Action, Horror, Thriller",98368,2009-08-26,David R. Ellis,,
99,tt1622979,2021-05-11,2021-05-11,,Final Destination 5,https://www.imdb.com/title/tt1622979/,movie,5.8,92,2011,"Action, Horror, Thriller",108169,2011-08-04,Steven Quale,,
100,tt0454841,2021-05-11,2021-05-11,,The Hills Have Eyes,https://www.imdb.com/title/tt0454841/,movie,6.4,107,2006,"Horror, Thriller",160463,2006-03-10,Alexandre Aja,,
101,tt0800069,2021-05-11,2021-05-11,,The Hills Have Eyes II,https://www.imdb.com/title/tt0800069/,movie,5.1,89,2007,"Horror, Thriller",61341,2007-03-16,Martin Weisz,,
102,tt2403021,2021-05-11,2021-05-11,,The Green Inferno,https://www.imdb.com/title/tt2403021/,movie,5.3,100,2013,"Adventure, Horror",39849,2013-09-08,Eli Roth,,
103,tt0417299,2021-05-11,2021-05-11,,Avatar: The Last Airbender,https://www.imdb.com/title/tt0417299/,tvSeries,9.2,23,2005,"Animation, Action, Adventure, Family, Fantasy, Mystery",256596,2005-02-21,,,
104,tt0133093,2021-05-11,2021-05-11,,The Matrix,https://www.imdb.com/title/tt0133093/,movie,8.7,136,1999,"Action, Sci-Fi",1707016,1999-03-24,"Lilly Wachowski, Lana Wachowski",,
105,tt0234215,2021-05-11,2021-05-11,,The Matrix Reloaded,https://www.imdb.com/title/tt0234215/,movie,7.2,138,2003,"Action, Sci-Fi",523417,2003-05-07,"Lilly Wachowski, Lana Wachowski",,
106,tt0242653,2021-05-11,2021-05-11,,The Matrix Revolutions,https://www.imdb.com/title/tt0242653/,movie,6.8,129,2003,"Action, Sci-Fi",454392,2003-10-27,"Lilly Wachowski, Lana Wachowski",,
107,tt10838180,2021-05-11,2021-05-11,,The Matrix 4,https://www.imdb.com/title/tt10838180/,movie,,,2021,"Action, Sci-Fi",,2021-12-15,Lana Wachowski,,
108,tt0468569,2021-05-11,2021-05-11,,The Dark Knight,https://www.imdb.com/title/tt0468569/,movie,9.0,152,2008,"Action, Crime, Drama, Thriller",2350383,2008-07-14,Christopher Nolan,,
109,tt3290276,2021-05-11,2021-05-11,,Jailbait,https://www.imdb.com/title/tt3290276/,video,4.2,90,2014,"Crime, Drama, Romance, Thriller",3414,2014-02-18,Jared Cohn,,
110,tt13269536,2021-05-11,2021-05-11,,Girl in the Basement,https://www.imdb.com/title/tt13269536/,movie,6.3,88,2021,"Crime, Thriller",3084,2021-02-27,Elisabeth Röhm,,
111,tt8228288,2021-05-11,2021-05-11,,El hoyo,https://www.imdb.com/title/tt8228288/,movie,7.0,94,2019,"Horror, Sci-Fi, Thriller",175357,2019-09-06,Galder Gaztelu-Urrutia,,
112,tt0397065,2021-05-11,2021-05-11,,House of Wax,https://www.imdb.com/title/tt0397065/,movie,5.4,113,2005,"Horror, Thriller",116781,2005-04-26,Jaume Collet-Serra,,
113,tt6751668,2021-05-11,2021-05-11,,Gisaengchung,https://www.imdb.com/title/tt6751668/,movie,8.6,132,2019,"Comedy, Drama, Thriller",602416,2019-05-21,Bong Joon Ho,,
114,tt1259521,2021-05-11,2021-05-11,,The Cabin in the Woods,https://www.imdb.com/title/tt1259521/,movie,7.0,95,2011,"Horror, Mystery, Thriller",381933,2011-12-11,Drew Goddard,,
115,tt1823672,2021-05-11,2021-05-11,,Chappie,https://www.imdb.com/title/tt1823672/,movie,6.8,120,2015,"Action, Crime, Drama, Sci-Fi, Thriller",232396,2015-03-04,Neill Blomkamp,,
116,tt6908274,2021-05-11,2021-05-11,,Durante la tormenta,https://www.imdb.com/title/tt6908274/,movie,7.4,128,2018,"Drama, Fantasy, Mystery, Romance, Thriller",45140,2018-11-13,Oriol Paulo,,
117,tt9184592,2021-05-11,2021-05-11,,The Unlisted,https://www.imdb.com/title/tt9184592/,tvSeries,6.6,22,2019,"Family, Sci-Fi, Thriller",618,2019-09-15,,,
118,tt5580390,2021-05-11,2021-05-11,,The Shape of Water,https://www.imdb.com/title/tt5580390/,movie,7.3,123,2017,"Adventure, Drama, Fantasy, Romance, Sci-Fi, Thriller",381008,2017-08-31,Guillermo del Toro,,
119,tt4441280,2021-05-11,2021-05-11,,El cadáver de Anna Fritz,https://www.imdb.com/title/tt4441280/,movie,5.9,76,2015,"Drama, Thriller",5104,2015-03-15,Hèctor Hernández Vicens,,
120,tt4225622,2021-05-11,2021-05-11,,The Babysitter,https://www.imdb.com/title/tt4225622/,movie,6.3,85,2017,"Comedy, Horror",76212,2017-10-13,McG,,
121,tt5442430,2021-05-11,2021-05-11,,Life,https://www.imdb.com/title/tt5442430/,movie,6.6,104,2017,"Horror, Sci-Fi, Thriller",210778,2017-03-18,Daniel Espinosa,,
122,tt1528100,2021-05-11,2021-05-11,,Exodus: Gods and Kings,https://www.imdb.com/title/tt1528100/,movie,6.0,150,2014,"Action, Adventure, Drama, Fantasy",161135,2014-12-03,Ridley Scott,,
123,tt1670345,2021-05-11,2021-05-11,,Now You See Me,https://www.imdb.com/title/tt1670345/,movie,7.3,115,2013,"Crime, Mystery, Thriller",604715,2013-05-21,Louis Leterrier,,
124,tt3110958,2021-05-11,2021-05-11,,Now You See Me 2,https://www.imdb.com/title/tt3110958/,movie,6.5,129,2016,"Action, Adventure, Comedy, Crime, Mystery, Thriller",255142,2016-06-02,Jon M. Chu,,
125,tt1670345,2021-05-11,2021-05-11,,Now You See Me,https://www.imdb.com/title/tt1670345/,movie,7.3,115,2013,"Crime, Mystery, Thriller",604715,2013-05-21,Louis Leterrier,,
126,tt3118452,2021-05-11,2021-05-11,,Circle,https://www.imdb.com/title/tt3118452/,movie,6.0,87,2015,"Drama, Horror, Mystery, Sci-Fi, Thriller",46877,2015-05-28,"Mario Miscione, Aaron Hann",,
127,tt0213847,2021-05-11,2021-05-11,,Malèna,https://www.imdb.com/title/tt0213847/,movie,7.5,108,2000,"Comedy, Drama, Romance, War",92376,2000-10-26,Giuseppe Tornatore,,
128,tt0373051,2021-05-11,2021-05-11,,Journey to the Center of the Earth,https://www.imdb.com/title/tt0373051/,movie,5.8,93,2008,"Action, Adventure, Family, Fantasy, Sci-Fi",115048,2008-07-10,Eric Brevig,,
129,tt3170832,2021-05-11,2021-05-11,,Room,https://www.imdb.com/title/tt3170832/,movie,8.1,118,2015,"Drama, Thriller",380847,2015-09-04,Lenny Abrahamson,,
130,tt5886046,2021-05-11,2021-05-11,,Escape Room,https://www.imdb.com/title/tt5886046/,movie,6.4,99,2019,"Action, Adventure, Horror, Mystery, Thriller",92261,2019-01-03,Adam Robitel,,
131,tt0402901,2021-05-11,2021-05-11,,The Cave,https://www.imdb.com/title/tt0402901/,movie,5.1,97,2005,"Action, Adventure, Horror, Sci-Fi, Thriller",35934,2005-08-26,Bruce Hunt,,
132,tt2025690,2021-05-11,2021-05-11,,The Finest Hours,https://www.imdb.com/title/tt2025690/,movie,6.8,117,2016,"Action, Drama, History, Thriller",62856,2016-01-27,Craig Gillespie,,
133,tt0480249,2021-05-11,2021-05-11,,I Am Legend,https://www.imdb.com/title/tt0480249/,movie,7.2,101,2007,"Action, Adventure, Drama, Sci-Fi, Thriller",696410,2007-12-05,Francis Lawrence,,
134,tt0452702,2021-05-11,2021-05-11,,Vacancy,https://www.imdb.com/title/tt0452702/,movie,6.2,85,2007,"Horror, Thriller",95308,2007-04-20,Nimród Antal,,
135,tt8364368,2021-05-11,2021-05-11,,Crawl,https://www.imdb.com/title/tt8364368/,movie,6.1,87,2019,"Action, Horror, Thriller",71658,2019-07-10,Alexandre Aja,,
136,tt1077368,2021-05-11,2021-05-11,,Dark Shadows,https://www.imdb.com/title/tt1077368/,movie,6.2,113,2012,"Comedy, Fantasy, Horror",250590,2012-05-09,Tim Burton,,
137,tt0844479,2021-05-11,2021-05-11,,The Collector,https://www.imdb.com/title/tt0844479/,movie,6.4,90,2009,"Horror, Thriller",59659,2009-07-31,Marcus Dunstan,,
138,tt3748172,2021-05-11,2021-05-11,,Gerald's Game,https://www.imdb.com/title/tt3748172/,movie,6.5,103,2017,"Drama, Horror, Thriller",92839,2017-09-19,Mike Flanagan,,
139,tt1148204,2021-05-11,2021-05-11,,Orphan,https://www.imdb.com/title/tt1148204/,movie,7.0,123,2009,"Horror, Mystery, Thriller",194846,2009-07-21,Jaume Collet-Serra,,
140,tt1034385,2021-05-11,2021-05-11,,Cold Skin,https://www.imdb.com/title/tt1034385/,movie,6.0,108,2017,"Action, Adventure, Fantasy, Horror, Sci-Fi, Thriller",13509,2017-09-10,Xavier Gens,,
141,tt3278330,2021-05-11,2021-05-11,,Il racconto dei racconti - Tale of Tales,https://www.imdb.com/title/tt3278330/,movie,6.4,134,2015,"Drama, Fantasy, Horror",26811,2015-05-14,Matteo Garrone,,
142,tt1711018,2021-05-11,2021-05-11,,Vile,https://www.imdb.com/title/tt1711018/,movie,5.0,90,2011,"Horror, Mystery",5778,2011-08-26,Taylor Sheridan,,
143,tt0077713,2021-05-11,2021-05-11,,Day of the Woman,https://www.imdb.com/title/tt0077713/,movie,5.7,101,1978,"Horror, Thriller",26284,1978-05-23,Meir Zarchi,,
144,tt1242432,2021-05-11,2021-05-11,,I Spit on Your Grave,https://www.imdb.com/title/tt1242432/,movie,6.3,108,2010,"Horror, Thriller",77773,2010-05-01,Steven R. Monroe,,
145,tt2537176,2021-05-11,2021-05-11,,I Spit on Your Grave 2,https://www.imdb.com/title/tt2537176/,movie,5.7,106,2013,"Horror, Thriller",27664,2013-08-25,Steven R. Monroe,,
146,tt4530884,2021-05-11,2021-05-11,,I Spit on Your Grave 3: Vengeance Is Mine,https://www.imdb.com/title/tt4530884/,movie,5.2,92,2015,"Horror, Thriller",12190,2015-10-01,R.D. Braunstein,,
147,tt1258197,2021-05-11,2021-05-11,,Exam,https://www.imdb.com/title/tt1258197/,movie,6.8,101,2009,"Mystery, Thriller",107291,2009-06-30,Stuart Hazeldine,,
148,tt2798920,2021-05-11,2021-05-11,,Annihilation,https://www.imdb.com/title/tt2798920/,movie,6.8,115,2018,"Adventure, Drama, Horror, Mystery, Sci-Fi, Thriller",287168,2018-02-13,Alex Garland,,
149,tt7019942,2021-05-11,2021-05-11,,Super Deluxe,https://www.imdb.com/title/tt7019942/,movie,8.3,176,2019,"Comedy, Crime, Drama, Thriller",10652,2019-03-28,Thiagarajan Kumararaja,,
150,tt2084970,2021-05-11,2021-05-11,,The Imitation Game,https://www.imdb.com/title/tt2084970/,movie,8.0,114,2014,"Biography, Drama, Thriller, War",698071,2014-08-29,Morten Tyldum,,
151,tt9454892,2021-05-11,2021-05-11,,Hello Mini,https://www.imdb.com/title/tt9454892/,tvSeries,8.9,25,2019,Thriller,6619,2019-10-11,,,
152,tt7927936,2021-05-11,2021-05-11,,Flames,https://www.imdb.com/title/tt7927936/,tvSeries,9.1,20,2018,"Comedy, Drama, Romance",22574,2018-01-05,,,
153,tt2080374,2021-05-11,2021-05-11,,Steve Jobs,https://www.imdb.com/title/tt2080374/,movie,7.2,122,2015,"Biography, Drama",157893,2015-09-05,Danny Boyle,,
154,tt0218817,2021-05-11,2021-05-11,,Antitrust,https://www.imdb.com/title/tt0218817/,movie,6.1,108,2001,"Action, Crime, Drama, Thriller",28573,2001-01-10,Peter Howitt,,
155,tt7767422,2021-05-11,2021-05-11,,Sex Education,https://www.imdb.com/title/tt7767422/,tvSeries,8.3,45,2019,"Comedy, Drama",167008,2019-01-11,,,
156,tt1483013,2021-05-11,2021-05-11,,Oblivion,https://www.imdb.com/title/tt1483013/,movie,7.0,124,2013,"Action, Adventure, Sci-Fi",491796,2013-03-26,Joseph Kosinski,,
157,tt2582846,2021-05-11,2021-05-11,,The Fault in Our Stars,https://www.imdb.com/title/tt2582846/,movie,7.7,126,2014,"Drama, Romance",348926,2014-05-16,Josh Boone,,
